,시군명,시설명,지번주소,입소정원,lat,lon,dong
0,수원시,가람실버밸리요양원,경기도 수원시 권선구 권선동 1053-7번지,27.0,37.25677119,127.025979,권선동
1,수원시,고색요양원,경기도 수원시 권선구 고색동 204-1번지,26.0,37.25173628,126.9931433,고색동
2,수원시,늘봄실버벨리,경기도 수원시 권선구 권선동 945-1번지,35.0,37.26304292,127.022892,권선동
3,수원시,다사랑노인복지요양원,경기도 수원시 권선구 호매실동 415-6번지,49.0,37.26626119,126.9564567,호매실동
4,수원시,미소1요양원,경기도 수원시 권선구 탑동 835-4번지,9.0,37.26884382,126.9744486,탑동
5,수원시,미소요양원,경기도 수원시 권선구 탑동 835-4번지,9.0,37.26884382,126.9744486,탑동
6,수원시,민들레요양원2,경기도 수원시 권선구 당수동 232-2번지,9.0,37.29076197,126.9408449,당수동
7,수원시,베데스다요양원,경기도 수원시 권선구 탑동 22-50번지,7.0,37.27396239,126.9776713,탑동
8,수원시,봄빛요양원,경기도 수원시 권선구 세류동 537-15번지,29.0,37.25573694,127.0115277,세류동
9,수원시,사랑마루 수원1,경기도 수원시 권선구 탑동 757-1번지,9.0,37.27487154,126.9737811,탑동
10,수원시,새수원노인요양공동생활가정,경기도 수원시 권선구 오목천동 1146번지,9.0,37.24632135,126.9563674,오목천동
11,수원시,새수원복지요양원,경기도 수원시 권선구 오목천동 1146번지,9.0,37.24632135,126.9563674,오목천동
12,수원시,서수원 실버센터,경기도 수원시 권선구 평동 9-12번지,9.0,37.25851209,126.9939203,평동
13,수원시,송연노인전문요양원,경기도 수원시 권선구 고색동 27-1번지,47.0,37.25309614,126.986752,고색동
14,수원시,수원 사랑마루 2,경기도 수원시 권선구 탑동 757-1번지,7.0,37.27487154,126.9737811,탑동
15,수원시,수원로뎀전문요양원,경기도 수원시 권선구 권선동 1048번지 세륜빌딩,14.0,37.25593322,127.02605770000001,권선동
16,수원시,수원서부노인요양원,경기도 수원시 권선구 고색동 112번지,40.0,37.25193426,126.9905057,고색동
17,수원시,수원연세실버벨리,경기도 수원시 권선구 곡반정동 298-1번지,83.0,37.23627179,127.0303114,곡반정동
18,수원시,수원중앙전문요양센터,경기도 수원시 권선구 권선동 967-1번지,99.0,37.25985329,127.02277849999999,권선동
19,수원시,실버사랑요양원,경기도 수원시 권선구 금곡동 1088-1번지,29.0,37.27337322,126.9429,금곡동
20,수원시,우리동네요양원,경기도 수원시 권선구 권선동 1048번지 세륜빌딩,8.0,37.25593322,127.02605770000001,권선동
21,수원시,이웃동네요양원,경기도 수원시 권선구 권선동 1048번지 세륜빌딩,9.0,37.25593322,127.02605770000001,권선동
22,수원시,제일수요양원,경기도 수원시 권선구 오목천동 746번지,29.0,37.23279453,126.9788457,오목천동
23,수원시,중앙요양원,경기도 수원시 권선구 오목천동 1169번지,150.0,37.23157816,126.97898130000002,오목천동
24,수원시,하나벨리요양원,경기도 수원시 권선구 곡반정동 348-1번지,29.0,37.23146083,127.0277517,곡반정동
25,수원시,행복한요양원,경기도 수원시 권선구 고색동 406-20번지,28.0,37.24938215,126.9769581,고색동
26,수원시,삼성로 너싱케어,경기도 수원시 영통구 신동 503-59번지,70.0,37.24779945,127.0483605,신동
27,수원시,씨앤더블유너싱홈,경기도 수원시 영통구 매탄동 199-3번지,29.0,37.26995595,127.0479228,매탄동
28,수원시,영통종합요양센터,경기도 수원시 영통구 망포동 651-1번지,83.0,37.23885033,127.0529982,망포동
29,수원시,재활플러스요양원,경기도 수원시 영통구 망포동 532-1번지,23.0,37.23782957,127.0587788,망포동
30,수원시,가나요양센터,경기도 수원시 장안구 율전동 99-24번지,9.0,37.30356889,126.9725632,율전동
31,수원시,가인 노인요양공동생활가정,경기도 수원시 장안구 정자동 541-16번지,9.0,37.307013899999994,126.98919950000001,정자동
32,수원시,가족 노인요양공동생활가정,경기도 수원시 장안구 정자동 541-16번지,9.0,37.307013899999994,126.98919950000001,정자동
33,수원시,고운손요양원,경기도 수원시 장안구 파장동 274번지,21.0,37.30989776,126.9960912,파장동
34,수원시,굿모닝요양원,경기도 수원시 장안구 정자동 874-2번지,9.0,37.29648148,126.99539320000001,정자동
35,수원시,늘푸른요양원,경기도 수원시 장안구 정자동 9-2번지 벽산그랜드코아,107.0,37.29523821,127.00773149999999,정자동
36,수원시,드림요양원,경기도 수원시 장안구 송죽동 52-16번지,49.0,37.31070888,127.00386340000001,송죽동
37,수원시,명은요양원,경기도 수원시 장안구 정자동 266-3번지,21.0,37.29904004,126.99106200000001,정자동
38,수원시,명은전문요양센터,경기도 수원시 장안구 정자동 266-3번지,20.0,37.29904004,126.99106200000001,정자동
39,수원시,무봉요양원,경기도 수원시 장안구 연무동 256-2번지,27.0,37.29173148,127.0237567,연무동
40,수원시,보훈원 부설 전문요양센터,경기도 수원시 장안구 하광교동 428-2번지,28.0,37.29878602,127.02636399999999,하광교동
41,수원시,북수원요양원,경기도 수원시 장안구 파장동 99번지,55.0,37.32064641,126.9896483,파장동
42,수원시,사회복지법인 죽파재단 감천장요양원,경기도 수원시 장안구 영화동 33-1번지,90.0,37.29334473,127.0212761,영화동
43,수원시,선재노인전문요양원,경기도 수원시 장안구 정자동 9-5번지,25.0,37.29537339,127.00714509999999,정자동
44,수원시,성심실버케어,경기도 수원시 장안구 이목동 65-2번지,100.0,37.32095014,126.9746997,이목동
45,수원시,수원YWCA소규모요양시설,경기도 수원시 장안구 정자동 889-2번지,20.0,37.29178687,126.99192020000001,정자동
46,수원시,수원보훈요양원,경기도 수원시 장안구 하광교동 428번지,222.0,37.29829056,127.0258338,하광교동
47,수원시,수원시립노인전문요양원,경기도 수원시 장안구 파장동 199-2번지,145.0,37.31253773,126.9956172,파장동
48,수원시,수원어르신간호센터,경기도 수원시 장안구 정자동 9-2번지 벽산그랜드코아,62.0,37.29523821,127.00773149999999,정자동
49,수원시,수원우리요양원,경기도 수원시 장안구 파장동 501-16번지,52.0,37.30456377,126.99717460000001,파장동
50,수원시,아주요양원 A,경기도 수원시 장안구 송죽동 214-3번지,9.0,37.305708200000005,127.0028932,송죽동
51,수원시,아주요양원 B,경기도 수원시 장안구 송죽동 214-3번지,9.0,37.305708200000005,127.0028932,송죽동
52,수원시,예수사랑 복지마을,경기도 수원시 장안구 정자동 70-21번지,5.0,37.29242711,127.00350220000001,정자동
53,수원시,유당너싱홈,경기도 수원시 장안구 조원동 119-3번지,22.0,37.30951026,127.01081200000002,조원동
54,수원시,은혜요양원,경기도 수원시 장안구 파장동 580번지,29.0,37.30709533,126.99253829999999,파장동
55,수원시,장안요양원,경기도 수원시 장안구 영화동 356-1번지,28.0,37.29006618,127.0105054,영화동
56,수원시,평강보훈요양센터,경기도 수원시 장안구 파장동 89-2번지,41.0,37.3202589,126.98902790000001,파장동
57,수원시,한누리노인요양공동생활가정,경기도 수원시 장안구 파장동 305-18번지,9.0,37.31173582,126.9955835,파장동
58,수원시,행복나라 노인전문요양센터,경기도 수원시 장안구 송죽동 379-1번지,9.0,37.29862611,127.0062768,송죽동
59,수원시,행복나라노인전문요양센터 2동,경기도 수원시 장안구 송죽동 379-1번지,9.0,37.29862611,127.0062768,송죽동
60,수원시,효봉노인전문요양원,경기도 수원시 장안구 송죽동 445-2번지,44.0,37.305708200000005,127.00156229999999,송죽동
61,수원시,효행노인전문요양원,경기도 수원시 장안구 조원동 122-4번지,100.0,37.3111502,127.00944720000001,조원동
62,수원시,경기실버빌,경기도 수원시 팔달구 인계동 977-2번지,9.0,37.26821423,127.0261403,인계동
63,수원시,마실노인전문요양원,경기도 수원시 팔달구 화서동 644-5번지,21.0,37.28490295,126.9910303,화서동
64,수원시,매교예사랑실버케어,경기도 수원시 팔달구 매교동 77-69번지,46.0,37.26951347,127.01403219999999,매교동
65,수원시,미래노인요양원,경기도 수원시 팔달구 인계동 953-4번지,37.0,37.27568304,127.029559,인계동
66,수원시,봄빛요양센터,경기도 수원시 팔달구 인계동 747-5번지,82.0,37.27471126,127.02280490000001,인계동
67,수원시,성루카노인전문요양센터,경기도 수원시 팔달구 인계동 942-4번지,135.0,37.27626842,127.0307769,인계동
68,수원시,수원VIP실버케어,경기도 수원시 팔달구 고등동 235-4번지,85.0,37.27087454,127.001033,고등동
69,수원시,수원시장기요양지원센터,경기도 수원시 팔달구 우만동 557-2번지,20.0,37.28023298,127.03064309999999,우만동
70,수원시,수원은빛요양원,경기도 수원시 팔달구 화서동 20-2번지,49.0,37.28534498,127.00686259999999,화서동
71,수원시,아노가너싱홈,경기도 수원시 팔달구 화서동 65-4번지,24.0,37.27998391,127.00566709999998,화서동
72,수원시,한국요양원,경기도 수원시 팔달구 인계동 966-2번지,29.0,37.26968271,127.02714420000001,인계동
73,수원시,화단길요양원,경기도 수원시 팔달구 우만동 146번지,37.0,37.27757366,127.035671,우만동
74,수원시,효사랑요양원,경기도 수원시 팔달구 인계동 1037-3번지,33.0,37.26621235,127.0331971,인계동
77,수원시,"신나무실 신성,신안,쌍용,진흥 경로당",경기도 수원시 영통구 영통동 963-2번지,27.0,37.254324,127.06548000000001,영통동
78,수원시,벽적골주공8단지1차,경기도 수원시 영통구 영통동 972-2번지,34.0,37.250461,127.06156000000001,영통동
79,수원시,영천경로당,경기도 수원시 팔달구 구천동,36.0,37.284695,127.01709,구천동
80,수원시,남향동경로당,경기도 수원시 팔달구 매향동 122-47번지,44.0,37.282821000000006,127.02072,매향동
82,수원시,서문경로당,경기도 수원시 팔달구 화서동 34-4번지,25.0,37.284183,127.00603000000001,화서동
84,수원시,송림(아)경로당,경기도 수원시 장안구 정자동 423-1번지,40.0,37.30451,126.99458999999999,정자동
85,수원시,일림경로당,경기도 수원시 장안구 파장동 525번지,64.0,37.309898,127.00081000000002,파장동
86,수원시,화남2차(아)경로당,경기도 수원시 장안구 파장동 470번지,34.0,37.309042,126.9979,파장동
87,수원시,한효(아)경로당,경기도 수원시 권선구 권선동 1063-2번지,24.0,37.254546000000005,127.02425,권선동
88,수원시,동신(아)3단지경로당,경기도 수원시 장안구 정자동 304번지,23.0,37.300428000000004,126.99508999999999,정자동
89,수원시,매산경로당,경기도 수원시 팔달구 매산로3가 28-9번지,21.0,37.269289,127.00753,매산로3가
90,수원시,북수동경로당,경기도 수원시 팔달구 북수동 67번지,22.0,37.286155,127.01626,북수동
91,수원시,삼익(아)경로당,경기도 수원시 장안구 파장동 212-5번지,75.0,37.310735,126.99292,파장동
92,수원시,창용경로당,경기도 수원시 장안구 연무동 213-17번지,55.0,37.297090999999995,127.02936000000001,연무동
94,수원시,밤밭경로당,경기도 수원시 장안구 율전동 388-6번지,41.0,37.297484999999995,126.96688999999999,율전동
97,수원시,인계주공(아)경로당,경기도 수원시 팔달구 인계동 384번지,43.0,37.269346999999996,127.03641999999999,인계동
98,수원시,신반포(아)경로당,경기도 수원시 팔달구 인계동 319-6번지,43.0,37.274457,127.03203,인계동
99,수원시,인계새마을,경기도 수원시 팔달구 인계동 987-9번지,19.0,37.266791,127.02253,인계동
100,수원시,샛골경로당,경기도 수원시 팔달구 인계동 246-13번지,30.0,37.275071000000004,127.02711000000001,인계동
101,수원시,매탄분회경로당,경기도 수원시 팔달구 매탄동 175번지,57.0,37.271103000000004,127.03967,매탄동
102,수원시,매탄4단지 경로당,경기도 수원시 영통구 매탄동 908번지,30.0,37.267544,127.04026,매탄동
103,수원시,매탄5단지(아) 경로당,경기도 수원시 영통구 매탄동 897번지,32.0,37.267734000000004,127.03705,매탄동
104,수원시,주막거리 경로당,경기도 수원시 영통구 매탄동 101-16번지,35.0,37.27293,127.04516000000001,매탄동
105,수원시,가마니골 경로당,경기도 수원시 영통구 매탄동 168-1번지,27.0,37.274041,127.03865,매탄동
106,수원시,동남연립 경로당,경기도 수원시 영통구 매탄동 197번지,46.0,37.270876,127.04433999999999,매탄동
107,수원시,한국1차(아) 경로당,경기도 수원시 영통구 매탄동 1211번지,39.0,37.269015,127.05645,매탄동
109,수원시,신미주(아)경로당,경기도 수원시 장안구 연무동 4-20번지,55.0,37.300263,127.03123000000001,연무동
113,수원시,영동시장경로당,경기도 수원시 팔달구 영동 8번지,38.0,37.277073,127.01855,영동
114,수원시,못골경로당,경기도 수원시 팔달구 지동 473번지,44.0,37.28354,127.02731000000001,지동
115,수원시,지동경로당,경기도 수원시 팔달구 지동 110-15번지,30.0,37.278126,127.02564,지동
116,수원시,화홍경로당,경기도 수원시 장안구 영화동 132-6번지,62.0,37.288984,127.0174,영화동
117,수원시,고등분회경로당,경기도 수원시 팔달구 고등동 39번지,38.0,37.274623,127.00475,고등동
119,수원시,분회경로당,경기도 수원시 권선구 세류동 152-14번지,75.0,37.260602,127.01438999999999,세류동
120,수원시,통미경로당,경기도 수원시 권선구 세류동 450-2번지,43.0,37.256881,127.00816999999999,세류동
121,수원시,동남(아)경로당,경기도 수원시 권선구 서둔동 361번지,44.0,37.282514,126.97958999999999,서둔동
123,수원시,동문경로당,경기도 수원시 팔달구 지동 232-26번지,78.0,37.285676,127.02569,지동
124,수원시,풍림(아)경로당,경기도 수원시 팔달구 우만동 497번지,29.0,37.287566999999996,127.03158,우만동
125,수원시,중부경로당,경기도 수원시 팔달구 우만동 560번지,37.0,37.280737,127.03228,우만동
126,수원시,우만신미주(아)경로당,경기도 수원시 팔달구 우만동 신미주아파트,7.0,37.287459000000005,127.03026000000001,우만동
127,수원시,장고개경로당,경기도 수원시 팔달구 우만동 114번지,62.0,37.278095,127.03936000000002,우만동
128,수원시,율전경로당,경기도 수원시 장안구 율전동 498-11번지,46.0,37.296793,126.97183999999999,율전동
129,수원시,동성영화타운경로당,경기도 수원시 장안구 영화동 308-1번지,46.0,37.29121,127.01187,영화동
130,수원시,역전시장경로당,경기도 수원시 팔달구 매산로1가 57-3번지,20.0,37.266045,127.00236000000001,매산로1가
131,수원시,금곡강남(아)경로당,경기도 수원시 권선구 금곡동 66번지,52.0,37.278595,126.95248000000001,금곡동
132,수원시,쌍용(아)경로당,경기도 수원시 권선구 호매실동 453-6번지,26.0,37.267872,126.95243,호매실동
133,수원시,삼천리2차(아)경로당,경기도 수원시 권선구 권선동 1238번지,32.0,37.254182,127.03786000000001,권선동
134,수원시,삼정2단지(아)경로당,경기도 수원시 권선구 당수동 218-1번지,24.0,37.29043,126.94271,당수동
135,수원시,미도(아)경로당,경기도 수원시 장안구 정자동 387번지,31.0,37.304708000000005,126.99316999999999,정자동
136,수원시,일성(아)경로당,경기도 수원시 장안구 천천동 569번지,35.0,37.301012,126.97976000000001,천천동
137,수원시,신일(아)경로당,경기도 수원시 장안구 율전동 319번지,52.0,37.299566999999996,126.96708999999998,율전동
138,수원시,매탄2동 경로당,경기도 수원시 영통구 매탄동 196-25번지,38.0,37.271623,127.04755,매탄동
139,수원시,신매탄,경기도 수원시 팔달구 매탄동 990번지,47.0,37.261686,127.04261000000001,매탄동
140,수원시,임광아파트 경로당,경기도 수원시 영통구 매탄동 1162번지,54.0,37.257264,127.03853000000001,매탄동
141,수원시,효원,경기도 수원시 영통구 매탄동,28.0,37.27055,127.04903999999999,매탄동
142,수원시,망포1동,경기도 수원시 영통구 망포동 16-2번지,42.0,37.24677,127.05317,망포동
143,수원시,청와아파트,경기도 수원시 영통구 망포동 291-37번지,43.0,37.241743,127.05169,망포동
144,수원시,평촌,경기도 수원시 팔달구 신동 531번지,48.0,37.249738,127.04472,신동
145,수원시,매탄3동,경기도 수원시 팔달구 매탄동 946-2번지,31.0,37.261795,127.04095,매탄동
146,수원시,동남아파트,경기도 수원시 영통구 매탄동 810-2번지,23.0,37.266849,127.04295,매탄동
147,수원시,이화경로당,경기도 수원시 장안구 이목동 68번지,31.0,37.320617,126.97488999999999,이목동
148,수원시,화서(아)경로당,경기도 수원시 장안구 화서동 250-4번지,29.0,37.282426,126.99996999999999,화서동
149,수원시,파장경로당,경기도 수원시 장안구 파장동 507-9번지,116.0,37.309871,126.99623000000001,파장동
150,수원시,벽산(아)경로당,경기도 수원시 장안구 조원동 510번지,46.0,37.297903999999996,127.02122,조원동
151,수원시,골말경로당,경기도 수원시 권선구 탑동 779-2번지,83.0,37.272177,126.97253,탑동
152,수원시,우만주공3단지경로당,경기도 수원시 팔달구 우만동 262번지,30.0,37.292260999999996,127.0315,우만동
153,수원시,두암경로당,경기도 수원시 권선구 호매실동 79-9번지,29.0,37.269515000000006,126.95879,호매실동
154,수원시,신풍동경로당,경기도 수원시 팔달구 신풍동 산 4번지,19.0,37.282371000000005,127.0105,신풍동
155,수원시,영화동 경로당,경기도 수원시 장안구 영화동 272-14번지,61.0,37.292454,127.01268999999999,영화동
156,수원시,상촌경로당,경기도 수원시 권선구 금곡동 758-9번지,44.0,37.268235,126.93808999999999,금곡동
157,수원시,연무경로당,경기도 수원시 장안구 연무동 181-1번지,59.0,37.290425,127.02141999999999,연무동
158,수원시,권선1.3단지(아)경로당,경기도 수원시 권선구 권선동 1067-1번지,31.0,37.252491,127.02606000000002,권선동
159,수원시,신안동경로당,경기도 수원시 팔달구 신풍동 193-1번지,40.0,37.284182,127.01489,신풍동
160,수원시,천천(아)경로당,경기도 수원시 장안구 천천동 333번지,99.0,37.291461,126.98038999999999,천천동
161,수원시,영서경로당,경기도 수원시 장안구 영화동 415-9번지,36.0,37.290264,127.00891999999999,영화동
162,수원시,매산로3가경로당,경기도 수원시 팔달구 매산로3가 111-104번지,35.0,37.265485999999996,127.00726,매산로3가
164,수원시,입북경로당,경기도 수원시 권선구 입북동 412-13번지,87.0,37.294924,126.95901,입북동
165,수원시,벌터 경로당,경기도 수원시 영통구 신동 531번지,43.0,37.249738,127.04472,신동
167,수원시,정자1동경로당,경기도 수원시 장안구 정자동 840-96번지,41.0,37.302122,126.99106,정자동
168,수원시,동신(아)2단지경로당,경기도 수원시 장안구 정자동 313-1번지,71.0,37.300401,126.99342,정자동
173,수원시,화서4단지(아)경로당,경기도 수원시 팔달구 화서동 650번지,24.0,37.284209000000004,126.99253,화서동
174,수원시,백조(아)경로당,경기도 수원시 장안구 정자동 296-2번지,26.0,37.302122,126.99741999999999,정자동
175,수원시,우람(아)경로당,경기도 수원시 장안구 화서동 349-4번지,33.0,37.288544,127.00108999999999,화서동
176,수원시,한진현대(아)경로당,경기도 수원시 팔달구 화서동 656번지,32.0,37.281236,126.99348,화서동
177,수원시,현대(아)경로당,경기도 수원시 장안구 율전동 519번지,55.0,37.300262,126.97365,율전동
178,수원시,신안.한일(아)경로당,경기도 수원시 장안구 천천동 563번지,34.0,37.301957,126.97533999999999,천천동
179,수원시,산남 경로당,경기도 수원시 영통구 매탄동 111-107번지,42.0,37.271514,127.05055,매탄동
180,수원시,말통골,경기도 수원시 영통구 매탄동 1076-1번지,32.0,37.272791999999995,127.05351,매탄동
181,수원시,우문경로당,경기도 수원시 영통구 망포동 524-8번지,27.0,37.239325,127.05855,망포동
182,수원시,태장학구단위,경기도 수원시 팔달구 망포동 5-21번지,44.0,37.247355,127.05516999999999,망포동
183,수원시,망포2동,경기도 수원시 팔달구 망포동 445-1번지,22.0,37.242801,127.06423000000001,망포동
184,수원시,산드래미,경기도 수원시 영통구 매탄동 205-32번지,38.0,37.267154,127.04834,매탄동
185,수원시,성일아파트,경기도 수원시 팔달구 매탄동 810-4번지,50.0,37.265236,127.04403,매탄동
189,수원시,세일경로당,경기도 수원시 장안구 파장동 561번지,51.0,37.309734999999996,126.99053,파장동
190,수원시,봉화경로당,경기도 수원시 팔달구 우만동 596-3번지,52.0,37.290766999999995,127.02658999999998,우만동
191,수원시,우만선경(아)경로당,경기도 수원시 팔달구 우만동 98번지,29.0,37.276455,127.03986,우만동
192,수원시,영광(아)경로당,경기도 수원시 팔달구 화서동 220-4번지,27.0,37.279317,126.99383999999999,화서동
193,수원시,화성대(아)경로당,경기도 수원시 권선구 권선동 224-1번지,63.0,37.240463,127.02283999999999,권선동
194,수원시,벽산(아)경로당,경기도 수원시 장안구 화서동 11-41번지,35.0,37.283623999999996,127.00345,화서동
195,수원시,수성경로당,경기도 수원시 장안구 연무동 229-16번지,60.0,37.294569,127.02901999999999,연무동
196,수원시,상광교경로당,경기도 수원시 장안구 상광교동 100번지,54.0,37.330422999999996,127.0147,상광교동
197,수원시,상율전경로당,경기도 수원시 장안구 율전동 150-2번지,54.0,37.303757,126.96968000000001,율전동
198,수원시,현대(아)경로당,경기도 수원시 영통구 매탄동 810-1번지,25.0,37.268156,127.04301000000001,매탄동
199,수원시,팽나무고개경로당,경기도 수원시 팔달구 인계동 564-20번지,59.0,37.268324,127.01903,인계동
200,수원시,동신(아)1단지경로당,경기도 수원시 장안구 정자동 397번지,44.0,37.302762,126.99564,정자동
201,수원시,화서2주공5단지(아)경로당,경기도 수원시 팔달구 화서동 650번지,26.0,37.284209000000004,126.99253,화서동
203,수원시,충효경로당,경기도 수원시 팔달구 우만동 487번지,28.0,37.287071999999995,127.02811000000001,우만동
204,수원시,우만주공4단지경로당,경기도 수원시 팔달구 우만동 300번지,34.0,37.29137,127.0309,우만동
205,수원시,수곡경로당,경기도 수원시 팔달구 우만동 500번지,51.0,37.286738,127.03242,우만동
206,수원시,화서1동경로당,경기도 수원시 팔달구 화서동 116-5번지,43.0,37.279371000000005,127.00003000000001,화서동
207,수원시,파송경로당,경기도 수원시 장안구 파장동 603-7번지,55.0,37.305321,126.99948,파장동
208,수원시,조원경로당,경기도 수원시 장안구 조원동 758-4번지,47.0,37.300067,127.01423,조원동
210,수원시,성일(아)경로당,경기도 수원시 영통구 매탄동 810-4번지,34.0,37.265236,127.04403,매탄동
212,수원시,금당골경로당,경기도 수원시 장안구 조원동 462-1번지,59.0,37.30004,127.01995,조원동
214,수원시,장안경로당,경기도 수원시 팔달구 장안동 110-7번지,38.0,37.285426,127.01087,장안동
215,수원시,창훈대경로당,경기도 수원시 장안구 연무동 214-6번지,73.0,37.296154,127.02995,연무동
216,수원시,삼거리경로당,경기도 수원시 권선구 세류동 1020-3번지,52.0,37.254214000000005,127.01262,세류동
217,수원시,송원경로당,경기도 수원시 장안구 조원동 778-13번지,32.0,37.296571,127.01258,조원동
218,수원시,쌍우물경로당,경기도 수원시 팔달구 고등동 271-1번지,28.0,37.271848,126.99756000000001,고등동
220,수원시,매교동경로당,경기도 수원시 팔달구 매교동 77-26번지,32.0,37.269793,127.01442,매교동
221,수원시,자목경로당,경기도 수원시 권선구 호매실동 831-3번지,51.0,37.262768,126.9417,호매실동
224,수원시,보성(아)경로당,경기도 수원시 권선구 권선동 1265번지,20.0,37.248851,127.02803,권선동
226,수원시,우만주공1단지경로당,경기도 수원시 팔달구 우만동 28번지,25.0,37.281844,127.03845,우만동
227,수원시,인계동분회,경기도 수원시 팔달구 인계동 973번지,25.0,37.269683,127.02516999999999,인계동
228,수원시,인계동경로당,경기도 수원시 팔달구 인계동 909-44번지,40.0,37.271152,127.02136000000002,인계동
229,수원시,인계선경1차(아),경기도 수원시 팔달구 인계동 163번지,23.0,37.276123,127.03647,인계동
230,수원시,인계선경3차(아),경기도 수원시 팔달구 인계동 159번지,56.0,37.275186,127.03586000000001,인계동
232,수원시,장미연립 경로당,경기도 수원시 영통구 매탄동 111-165번지,21.0,37.269433,127.04986000000001,매탄동
233,수원시,원천성일(아) 경로당,경기도 수원시 영통구 매탄동 1199-1번지,29.0,37.270321,127.05725,매탄동
234,수원시,금성(아)경로당,경기도 수원시 영통구 매탄동 1211-1번지,21.0,37.26807,127.05561000000002,매탄동
235,수원시,화남(아)경로당,경기도 수원시 장안구 율전동 334-13번지,34.0,37.300098,126.96431000000001,율전동
238,수원시,동녘경로당,경기도 수원시 영통구 이의동 99번지,40.0,37.292711,127.05888999999999,이의동
239,수원시,"대우,동신",경기도 수원시 영통구 영통동 956-2번지,27.0,37.259436,127.07666,영통동
240,수원시,대한노인회 영통구지구 부설 노인교실,경기도 수원시 영통구 영통동 958-2번지,150.0,37.25546347,127.07424590000001,영통동
241,수원시,사회복지법인 죽파재단 감천장요양원,경기도 수원시 장안구 영화동,90.0,37.29400336,127.0142163,영화동
242,수원시,효행노인전문요양원,경기도 수원시 장안구 조원동,100.0,37.29621108,127.0117241,조원동
243,수원시,충효의집,경기도 수원시 장안구 조원동 119-4번지,62.0,37.30951026,127.01081200000002,조원동
